year,material,region,value
1870,nickel,China,-5.088428931
1870,nickel,EU27,222.6608659
1870,nickel,RoW,-217.572437
1870,tin,China,-64.39403872
1871,nickel,EU27,222.6608659
1870,tin,RoW,13.02830368
1870,zinc,China,-978.2399358
1872,nickel,EU27,222.6608659
1870,zinc,RoW,-3.360370661
1871,nickel,China,-5.088428931
1873,nickel,EU27,222.6608659
1871,nickel,RoW,-217.572437
1871,tin,China,-64.39403872
1874,nickel,EU27,222.6608659
1871,tin,RoW,12.9753573
1871,zinc,China,-988.8924082
1875,nickel,EU27,222.6608659
1871,zinc,RoW,7.094090271
1872,nickel,China,-5.088428931
1876,nickel,EU27,222.6608659
1872,nickel,RoW,-217.572437
1872,tin,China,-64.39403872
1877,nickel,EU27,222.6608659
1872,tin,RoW,12.92122731
1872,zinc,China,-999.6786126
1878,nickel,EU27,222.6608659
1872,zinc,RoW,17.67598131
1873,nickel,China,-5.088428931
1879,nickel,EU27,222.6608659
1873,nickel,RoW,-217.572437
1873,tin,China,-64.39403872
1880,nickel,EU27,222.6608659
1873,tin,RoW,12.86588786
1873,zinc,China,-1010.599015
1881,nickel,EU27,222.6608659
1873,zinc,RoW,28.38556746
1874,nickel,China,-5.088428931
1882,nickel,EU27,222.6608659
1874,nickel,RoW,-217.572437
1874,tin,China,-64.39403872
1883,nickel,EU27,222.6608659
1874,tin,RoW,12.80931258
1874,zinc,China,-1021.654014
1884,nickel,EU27,222.6608659
1874,zinc,RoW,39.22303987
1875,nickel,China,-5.088428931
1885,nickel,EU27,222.6608659
1875,nickel,RoW,-217.572437
1875,tin,China,-64.39403872
1886,nickel,EU27,222.6608659
1875,tin,RoW,12.75147457
1875,zinc,China,-1032.843937
1887,nickel,EU27,222.6608659
1875,zinc,RoW,50.1885109
1876,nickel,China,-5.088428931
1888,nickel,EU27,222.6608659
1876,nickel,RoW,-217.572437
1876,tin,China,-64.39403872
1889,nickel,EU27,222.6608659
1876,tin,RoW,12.69234639
1876,zinc,China,-1044.169032
1890,nickel,EU27,222.6608659
1876,zinc,RoW,61.28200875
1877,nickel,China,-5.088428931
1891,nickel,EU27,222.6608659
1877,nickel,RoW,-217.572437
1877,tin,China,-64.39403872
1892,nickel,EU27,222.6608659
1877,tin,RoW,12.63190007
1877,zinc,China,-1055.629466
1893,nickel,EU27,222.6608659
1877,zinc,RoW,72.50347198
1878,nickel,China,-5.088428931
1894,nickel,EU27,222.6608659
1878,nickel,RoW,-217.572437
1878,tin,China,-64.39403872
1895,nickel,EU27,222.6608659
1878,tin,RoW,12.57010708
1878,zinc,China,-1067.225319
1896,nickel,EU27,222.6608659
1878,zinc,RoW,83.85274364
1879,nickel,China,-5.088428931
1897,nickel,EU27,222.6608659
1879,nickel,RoW,-217.572437
1879,tin,China,-64.39403872
1898,nickel,EU27,222.6608659
1879,tin,RoW,12.50693834
1879,zinc,China,-1078.956573
1899,nickel,EU27,222.6608659
1879,zinc,RoW,95.32956504
1880,nickel,China,-5.088428931
1900,nickel,EU27,222.6608659
1880,nickel,RoW,-217.572437
1880,tin,China,-64.39403872
1901,nickel,EU27,222.6608659
1880,tin,RoW,12.44236422
1880,zinc,China,-1090.823114
1902,nickel,EU27,222.6608659
1880,zinc,RoW,106.9335693
1881,nickel,China,-5.088428931
1903,nickel,EU27,222.6608659
1881,nickel,RoW,-217.572437
1881,tin,China,-64.39403872
1904,nickel,EU27,222.6608659
1881,tin,RoW,12.37635452
1881,zinc,China,-1102.824719
1905,nickel,EU27,222.6608659
1881,zinc,RoW,118.6642745
1882,nickel,China,-5.088428931
1906,nickel,EU27,222.6608659
1882,nickel,RoW,-217.572437
1882,tin,China,-64.39403872
1907,nickel,EU27,222.6608659
1882,tin,RoW,12.30887847
1882,zinc,China,-1114.961049
1908,nickel,EU27,222.6608659
1882,zinc,RoW,130.5210764
1883,nickel,China,-5.088428931
1909,nickel,EU27,222.6608659
1883,nickel,RoW,-217.572437
1883,tin,China,-64.39403872
1910,nickel,EU27,222.6608659
1883,tin,RoW,12.23990473
1883,zinc,China,-1127.231648
1911,nickel,EU27,222.6608659
1883,zinc,RoW,142.503241
1884,nickel,China,-5.088428931
1912,nickel,EU27,222.6608659
1884,nickel,RoW,-217.572437
1884,tin,China,-64.39403872
1913,nickel,EU27,222.6608659
1884,tin,RoW,12.16940135
1884,zinc,China,-1139.635929
1914,nickel,EU27,222.6608659
1884,zinc,RoW,154.6098963
1885,nickel,China,-5.088428931
1915,nickel,EU27,222.6608659
1885,nickel,RoW,-217.572437
1885,tin,China,-64.39403872
1916,nickel,EU27,222.6608659
1885,tin,RoW,12.09733585
1885,zinc,China,-1152.173166
1917,nickel,EU27,222.6608659
1885,zinc,RoW,166.8400243
1886,nickel,China,-5.088428931
1918,nickel,EU27,222.6608659
1886,nickel,RoW,-217.572437
1886,tin,China,-64.39403872
1919,nickel,EU27,222.6608659
1886,tin,RoW,12.0236751
1886,zinc,China,-1164.842491
1920,nickel,EU27,222.6608659
1886,zinc,RoW,179.1924518
1887,nickel,China,-5.088428931
1921,nickel,EU27,222.6608659
1887,nickel,RoW,-217.572437
1887,tin,China,-64.39403872
1922,nickel,EU27,222.6608659
1887,tin,RoW,11.94838543
1887,zinc,China,-1177.642879
1923,nickel,EU27,222.6608659
1887,zinc,RoW,191.6658412
1888,nickel,China,-5.088428931
1924,nickel,EU27,222.6608659
1888,nickel,RoW,-217.572437
1888,tin,China,-64.39403872
1925,nickel,EU27,222.6608659
1888,tin,RoW,11.87143255
1888,zinc,China,-1190.573142
1926,nickel,EU27,222.6608659
1888,zinc,RoW,204.2586813
1889,nickel,China,-5.088428931
1927,nickel,EU27,222.6608659
1889,nickel,RoW,-217.572437
1889,tin,China,-64.39403872
1928,nickel,EU27,222.6608659
1889,tin,RoW,11.79278158
1889,zinc,China,-1203.631918
1929,nickel,EU27,222.6608659
1889,zinc,RoW,216.9692762
1890,nickel,China,-5.088428931
1930,nickel,EU27,222.6608659
1890,nickel,RoW,-217.572437
1890,tin,China,-64.39403872
1931,nickel,EU27,222.6608659
1890,tin,RoW,11.71239704
1890,zinc,China,-1216.817661
1932,nickel,EU27,222.6608659
1890,zinc,RoW,229.7957353
1891,nickel,China,-5.088428931
1933,nickel,EU27,222.6608659
1891,nickel,RoW,-217.572437
1891,tin,China,-64.39403872
1934,nickel,EU27,222.6608659
1891,tin,RoW,11.63024287
1891,zinc,China,-1230.128631
1935,nickel,EU27,222.6608659
1891,zinc,RoW,242.735962
1892,nickel,China,-5.088428931
1936,nickel,EU27,222.6608659
1892,nickel,RoW,-217.572437
1892,tin,China,-64.39403872
1937,nickel,EU27,222.6608659
1892,tin,RoW,11.54628239
1892,zinc,China,-1243.562879
1938,nickel,EU27,222.6608659
1892,zinc,RoW,255.7876416
1893,nickel,China,-5.088428931
1939,nickel,EU27,222.6608659
1893,nickel,RoW,-217.572437
1893,tin,China,-64.39403872
1940,nickel,EU27,222.6608659
1893,tin,RoW,11.46047835
1893,zinc,China,-1257.11824
1941,nickel,EU27,222.6608659
1893,zinc,RoW,268.9482293
1894,nickel,China,-5.088428931
1942,nickel,EU27,222.6608659
1894,nickel,RoW,-217.572437
1894,tin,China,-64.39403872
1943,nickel,EU27,222.6608659
1894,tin,RoW,11.37279289
1894,zinc,China,-1270.792318
1944,nickel,EU27,222.6608659
1894,zinc,RoW,282.2149374
1895,nickel,China,-5.088428931
1945,nickel,EU27,222.6608659
1895,nickel,RoW,-217.572437
1895,tin,China,-64.39403872
1946,nickel,EU27,222.6608659
1895,tin,RoW,11.28318756
1895,zinc,China,-1284.582472
1947,nickel,EU27,222.6608659
1895,zinc,RoW,295.5847214
1896,nickel,China,-5.088428931
1948,nickel,EU27,222.6608659
1896,nickel,RoW,-217.572437
1896,tin,China,-64.39403872
1949,nickel,EU27,222.6608659
1896,tin,RoW,11.19162336
1896,zinc,China,-1298.485804
1950,nickel,EU27,222.6608659
1896,zinc,RoW,309.0542665
1897,nickel,China,-5.088428931
1951,nickel,EU27,222.6608659
1897,nickel,RoW,-217.572437
1897,tin,China,-64.39403872
1952,nickel,EU27,222.6608659
1897,tin,RoW,11.09806068
1897,zinc,China,-1312.499146
1953,nickel,EU27,222.6608659
1897,zinc,RoW,322.6199725
1898,nickel,China,-5.088428931
1954,nickel,EU27,222.6608659
1898,nickel,RoW,-217.572437
1898,tin,China,-64.39403872
1955,nickel,EU27,222.6608659
1898,tin,RoW,11.00245937
1898,zinc,China,-1326.61904
1956,nickel,EU27,222.6608659
1898,zinc,RoW,336.2779386
1899,nickel,China,-5.088428931
1957,nickel,EU27,222.6608659
1899,nickel,RoW,-217.572437
1899,tin,China,-64.39403872
1958,nickel,EU27,222.6608659
1899,tin,RoW,10.90477869
1899,zinc,China,-1340.841729
1959,nickel,EU27,222.6608659
1899,zinc,RoW,350.0239476
1900,nickel,China,-5.088428931
1960,nickel,EU27,222.6608659
1900,nickel,RoW,-217.572437
1900,tin,China,-64.39403872
1961,nickel,EU27,222.6608659
1900,tin,RoW,10.80497739
1900,zinc,China,-1355.163137
1962,nickel,EU27,222.6608659
1900,zinc,RoW,363.8534488
1901,nickel,China,-5.088428931
1963,nickel,EU27,222.6608659
1901,nickel,RoW,-217.572437
1901,tin,China,-64.39403872
1964,nickel,EU27,222.6608659
1901,tin,RoW,10.70301366
1901,zinc,China,-1369.578851
1965,nickel,EU27,222.6608659
1901,zinc,RoW,377.7615412
1902,nickel,China,-5.088428931
1966,nickel,EU27,222.6608659
1902,nickel,RoW,-217.572437
1902,tin,China,-64.39403872
1967,nickel,EU27,222.6608659
1902,tin,RoW,10.59884519
1902,zinc,China,-1384.084107
1968,nickel,EU27,222.6608659
1902,zinc,RoW,391.742955
1903,nickel,China,-5.088428931
1969,nickel,EU27,222.6608659
1903,nickel,RoW,-217.572437
1903,tin,China,-64.39403872
1970,nickel,EU27,222.6608659
1903,tin,RoW,10.49242918
1903,zinc,China,-1398.673771
1971,nickel,EU27,222.6608659
1903,zinc,RoW,405.7920331
1904,nickel,China,-5.088428931
1972,nickel,EU27,222.6608659
1904,nickel,RoW,-217.572437
1904,tin,China,-64.39403872
1973,nickel,EU27,222.6608659
1904,tin,RoW,10.38372232
1904,zinc,China,-1413.342317
1974,nickel,EU27,222.6608659
1904,zinc,RoW,419.9027117
1905,nickel,China,-5.088428931
1975,nickel,EU27,222.6608659
1905,nickel,RoW,-217.572437
1905,tin,China,-64.39403872
1976,nickel,EU27,222.6608659
1905,tin,RoW,10.27268088
1905,zinc,China,-1428.08381
1977,nickel,EU27,222.6608659
1905,zinc,RoW,434.0684999
1906,nickel,China,-5.088428931
1978,nickel,EU27,222.6608659
1906,nickel,RoW,-217.572437
1906,tin,China,-64.39403872
1979,nickel,EU27,222.6608659
1906,tin,RoW,10.15926067
1906,zinc,China,-1442.891887
1980,nickel,EU27,222.6608659
1906,zinc,RoW,448.282459
1907,nickel,China,-5.088428931
1981,nickel,EU27,222.6608659
1907,nickel,RoW,-217.572437
1907,tin,China,-64.39403872
1982,nickel,EU27,222.6608659
1907,tin,RoW,10.04341713
1907,zinc,China,-1457.759734
1983,nickel,EU27,222.6608659
1907,zinc,RoW,462.5371808
1908,nickel,China,-5.088428931
1984,nickel,EU27,222.6608659
1908,nickel,RoW,-217.572437
1908,tin,China,-64.39403872
1985,nickel,EU27,222.6608659
1908,tin,RoW,9.925105298
1908,zinc,China,-1472.680061
1986,nickel,EU27,222.6608659
1908,zinc,RoW,476.824765
1909,nickel,China,-5.088428931
1987,nickel,EU27,222.6608659
1909,nickel,RoW,-217.572437
1909,tin,China,-64.39403872
1988,nickel,EU27,222.6608659
1909,tin,RoW,9.804279909
1909,zinc,China,-1487.645089
1989,nickel,EU27,222.6608659
1909,zinc,RoW,491.1367967
1910,nickel,China,-5.088428931
1990,nickel,EU27,222.6608659
1910,nickel,RoW,-217.572437
1910,tin,China,-64.39403872
1991,nickel,EU27,222.6608659
1910,tin,RoW,9.680895387
1910,zinc,China,-1502.646516
1992,nickel,EU27,222.6608659
1910,zinc,RoW,505.4643219
1911,nickel,China,-5.088428931
1993,nickel,EU27,222.6608659
1911,nickel,RoW,-217.572437
1911,tin,China,-64.39403872
1994,nickel,EU27,222.6608659
1911,tin,RoW,9.554905911
1911,zinc,China,-1517.675501
1995,nickel,EU27,222.6608659
1911,zinc,RoW,519.7978235
1912,nickel,China,-5.088428931
1996,nickel,EU27,157.2207974
1912,nickel,RoW,-217.572437
1912,tin,China,-64.39403872
1997,nickel,EU27,190.4041871
1912,tin,RoW,9.426265458
1912,zinc,China,-1532.722635
1998,nickel,EU27,237.3363596
1912,zinc,RoW,534.1271961
1913,nickel,China,-5.088428931
1999,nickel,EU27,236.2524995
1913,nickel,RoW,-217.572437
1913,tin,China,-64.39403872
2000,nickel,EU27,277.4039069
1913,tin,RoW,9.294927856
1913,zinc,China,-1547.777919
2001,nickel,EU27,346.6472007
1913,zinc,RoW,548.4417199
1914,nickel,China,-5.088428931
2002,nickel,EU27,411.0315632
1914,nickel,RoW,-217.572437
1914,tin,China,-64.39403872
2003,nickel,EU27,353.1800255
1914,tin,RoW,9.16084684
1914,zinc,China,-1562.830737
2004,nickel,EU27,352.063894
1914,zinc,RoW,562.7300345
1915,nickel,China,-5.088428931
2005,nickel,EU27,363.2276228
1915,nickel,RoW,-217.572437
1915,tin,China,-64.39403872
2006,nickel,EU27,333.7010297
1915,tin,RoW,9.023976122
1915,zinc,China,-1577.869829
2007,nickel,EU27,360.1962238
1915,zinc,RoW,576.9801117
1916,nickel,China,-5.088428931
2008,nickel,EU27,389.1218149
1916,nickel,RoW,-217.572437
1916,tin,China,-64.39403872
2009,nickel,EU27,301.4944272
1916,tin,RoW,8.88426945
1916,zinc,China,-1592.883266
2010,nickel,EU27,368.3734221
1916,zinc,RoW,591.1792282
1917,nickel,China,-5.088428931
2011,nickel,EU27,254.9571797
1917,nickel,RoW,-217.572437
1917,tin,China,-64.39403872
2012,nickel,EU27,251.7329685
1917,tin,RoW,8.741680693
1917,zinc,China,-1607.858422
2013,nickel,EU27,236.5727448
1917,zinc,RoW,605.313937
1918,nickel,China,-5.088428931
2014,nickel,EU27,222.0283965
1918,nickel,RoW,-217.572437
1918,tin,China,-64.39403872
2015,nickel,EU27,233.8615245
1918,tin,RoW,8.59616392
1918,zinc,China,-1622.781944
2016,nickel,EU27,242.5378505
1918,zinc,RoW,619.3700394
1919,nickel,China,-5.088428931
2017,nickel,EU27,229.8154888
1919,nickel,RoW,-217.572437
1919,tin,China,-64.39403872
2018,nickel,EU27,279.6010515
1919,tin,RoW,8.447673489
1919,zinc,China,-1637.639729
2019,nickel,EU27,222.5609822
1919,zinc,RoW,633.3325559
1920,nickel,China,-5.088428931
2020,nickel,EU27,171.5635442
1920,nickel,RoW,-217.572437
1920,tin,China,-64.39403872
2021,nickel,EU27,164.0183153
1920,tin,RoW,8.296164149
1920,zinc,China,-1652.416892
2022,nickel,EU27,118.8073467
1920,zinc,RoW,647.1856972
1921,nickel,China,-5.088428931
2023,nickel,EU27,196.7551161
1921,nickel,RoW,-217.572437
1921,tin,China,-64.39403872
2024,nickel,EU27,178.3032823
1921,tin,RoW,8.14159114
1921,zinc,China,-1667.097739
2025,nickel,EU27,178.3032823
1921,zinc,RoW,660.9128344
1922,nickel,China,-5.088428931
2026,nickel,EU27,178.3032823
1922,nickel,RoW,-217.572437
1922,tin,China,-64.39403872
2027,nickel,EU27,178.3032823
1922,tin,RoW,7.983910316
1922,zinc,China,-1681.665738
2028,nickel,EU27,178.3032823
1922,zinc,RoW,674.49647
1923,nickel,China,-5.088428931
2029,nickel,EU27,178.3032823
1923,nickel,RoW,-217.572437
1923,tin,China,-64.39403872
2030,nickel,EU27,178.3032823
1923,tin,RoW,7.823078265
1923,zinc,China,-1696.103491
2031,nickel,EU27,178.3032823
1923,zinc,RoW,687.9182085
1924,nickel,China,-5.088428931
2032,nickel,EU27,178.3032823
1924,nickel,RoW,-217.572437
1924,tin,China,-64.39403872
2033,nickel,EU27,178.3032823
1924,tin,RoW,7.659052449
1924,zinc,China,-1710.392707
2034,nickel,EU27,178.3032823
1924,zinc,RoW,701.1587267
1925,nickel,China,-5.088428931
2035,nickel,EU27,178.3032823
1925,nickel,RoW,-217.572437
1925,tin,China,-64.39403872
2036,nickel,EU27,178.3032823
1925,tin,RoW,7.491791346
1925,zinc,China,-1724.514171
2037,nickel,EU27,178.3032823
1925,zinc,RoW,714.1977449
1926,nickel,China,-5.088428931
2038,nickel,EU27,178.3032823
1926,nickel,RoW,-217.572437
1926,tin,China,-64.39403872
2039,nickel,EU27,178.3032823
1926,tin,RoW,7.321254616
1926,zinc,China,-1738.447721
2040,nickel,EU27,178.3032823
1926,zinc,RoW,727.0139985
1927,nickel,China,-5.088428931
2041,nickel,EU27,178.3032823
1927,nickel,RoW,-217.572437
1927,tin,China,-64.39403872
2042,nickel,EU27,178.3032823
1927,tin,RoW,7.147403268
1927,zinc,China,-1752.172216
2043,nickel,EU27,178.3032823
1927,zinc,RoW,739.5852099
1928,nickel,China,-5.088428931
2044,nickel,EU27,178.3032823
1928,nickel,RoW,-217.572437
1928,tin,China,-64.39403872
2045,nickel,EU27,178.3032823
1928,tin,RoW,6.970199849
1928,zinc,China,-1765.665517
2046,nickel,EU27,178.3032823
1928,zinc,RoW,751.8880611
1929,nickel,China,-5.088428931
2047,nickel,EU27,178.3032823
1929,nickel,RoW,-217.572437
1929,tin,China,-64.39403872
2048,nickel,EU27,178.3032823
1929,tin,RoW,6.789608647
1929,zinc,China,-1778.904454
2049,nickel,EU27,178.3032823
1929,zinc,RoW,763.898168
1930,nickel,China,-5.088428931
2050,nickel,EU27,178.3032823
1930,nickel,RoW,-217.572437
1930,tin,China,-64.39403872
2051,nickel,EU27,178.3032823
1930,tin,RoW,6.605595901
1930,zinc,China,-1791.864809
2052,nickel,EU27,178.3032823
1930,zinc,RoW,775.5900553
1931,nickel,China,-5.088428931
2053,nickel,EU27,178.3032823
1931,nickel,RoW,-217.572437
1931,tin,China,-64.39403872
2054,nickel,EU27,178.3032823
1931,tin,RoW,6.418130046
1931,zinc,China,-1804.521293
2055,nickel,EU27,178.3032823
1931,zinc,RoW,786.9371327
1932,nickel,China,-5.088428931
2056,nickel,EU27,178.3032823
1932,nickel,RoW,-217.572437
1932,tin,China,-64.39403872
2057,nickel,EU27,178.3032823
1932,tin,RoW,6.227181955
1932,zinc,China,-1816.847522
2058,nickel,EU27,178.3032823
1932,zinc,RoW,797.9116736
1933,nickel,China,-5.088428931
2059,nickel,EU27,178.3032823
1933,nickel,RoW,-217.572437
1933,tin,China,-64.39403872
2060,nickel,EU27,178.3032823
1933,tin,RoW,6.032725221
1933,zinc,China,-1828.816003
2061,nickel,EU27,178.3032823
1933,zinc,RoW,808.4847953
1934,nickel,China,-5.088428931
2062,nickel,EU27,178.3032823
1934,nickel,RoW,-217.572437
1934,tin,China,-64.39403872
2063,nickel,EU27,178.3032823
1934,tin,RoW,5.834736444
1934,zinc,China,-1840.398116
2064,nickel,EU27,178.3032823
1934,zinc,RoW,818.6264411
1935,nickel,China,-5.088428931
2065,nickel,EU27,178.3032823
1935,nickel,RoW,-217.572437
1935,tin,China,-64.39403872
2066,nickel,EU27,178.3032823
1935,tin,RoW,5.633195547
1935,zinc,China,-1851.5641
2067,nickel,EU27,178.3032823
1935,zinc,RoW,828.305366
1936,nickel,China,-5.088428931
2068,nickel,EU27,178.3032823
1936,nickel,RoW,-217.572437
1936,tin,China,-64.39403872
2069,nickel,EU27,178.3032823
1936,tin,RoW,5.428086122
1936,zinc,China,-1862.283047
2070,nickel,EU27,178.3032823
1936,zinc,RoW,837.4891245
1937,nickel,China,-5.088428931
2071,nickel,EU27,178.3032823
1937,nickel,RoW,-217.572437
1937,tin,China,-64.39403872
2072,nickel,EU27,178.3032823
1937,tin,RoW,5.219395788
1937,zinc,China,-1872.522891
2073,nickel,EU27,178.3032823
1937,zinc,RoW,846.1440623
1938,nickel,China,-5.088428931
2074,nickel,EU27,178.3032823
1938,nickel,RoW,-217.572437
1938,tin,China,-64.39403872
2075,nickel,EU27,178.3032823
1938,tin,RoW,5.007116591
1938,zinc,China,-1882.250406
2076,nickel,EU27,178.3032823
1938,zinc,RoW,854.235311
1939,nickel,China,-5.088428931
2077,nickel,EU27,178.3032823
1939,nickel,RoW,-217.572437
1939,tin,China,-64.39403872
2078,nickel,EU27,178.3032823
1939,tin,RoW,4.791245421
1939,zinc,China,-1891.431208
2079,nickel,EU27,178.3032823
1939,zinc,RoW,861.7267875
1940,nickel,China,-5.088428931
2080,nickel,EU27,178.3032823
1940,nickel,RoW,-217.572437
1940,tin,China,-64.39403872
2081,nickel,EU27,178.3032823
1940,tin,RoW,4.57178447
1940,zinc,China,-1900.029763
2082,nickel,EU27,178.3032823
1940,zinc,RoW,868.5811979
1941,nickel,China,-5.088428931
2083,nickel,EU27,178.3032823
1941,nickel,RoW,-217.572437
1941,tin,China,-64.39403872
2084,nickel,EU27,178.3032823
1941,tin,RoW,4.348741719
1941,zinc,China,-1908.009391
2085,nickel,EU27,178.3032823
1941,zinc,RoW,874.7600456
1942,nickel,China,-5.088428931
2086,nickel,EU27,178.3032823
1942,nickel,RoW,-217.572437
1942,tin,China,-64.39403872
2087,nickel,EU27,178.3032823
1942,tin,RoW,4.12213146
1942,zinc,China,-1915.332289
2088,nickel,EU27,178.3032823
1942,zinc,RoW,880.2236457
1943,nickel,China,-5.088428931
2089,nickel,EU27,178.3032823
1943,nickel,RoW,-217.572437
1943,tin,China,-64.39403872
2090,nickel,EU27,178.3032823
1943,tin,RoW,3.891974859
1943,zinc,China,-1921.959549
2091,nickel,EU27,178.3032823
1943,zinc,RoW,884.9311445
1944,nickel,China,-5.088428931
2092,nickel,EU27,178.3032823
1944,nickel,RoW,-217.572437
1944,tin,China,-64.39403872
2093,nickel,EU27,178.3032823
1944,tin,RoW,3.658300558
1944,zinc,China,-1927.85119
2094,nickel,EU27,178.3032823
1944,zinc,RoW,888.8405454
1945,nickel,China,-5.088428931
2095,nickel,EU27,178.3032823
1945,nickel,RoW,-217.572437
1945,tin,China,-64.39403872
2096,nickel,EU27,178.3032823
1945,tin,RoW,3.421145319
1945,zinc,China,-1932.966188
2097,nickel,EU27,178.3032823
1945,zinc,RoW,891.9087417
1946,nickel,China,-5.088428931
2098,nickel,EU27,178.3032823
1946,nickel,RoW,-217.572437
1946,tin,China,-64.39403872
2099,nickel,EU27,178.3032823
1946,tin,RoW,3.18055472
1946,zinc,China,-1937.262523
2100,nickel,EU27,178.3032823
1946,zinc,RoW,894.0915566
1947,nickel,China,-5.088428931
1870,tin,EU27,51.36573503
1947,nickel,RoW,-217.572437
1947,tin,China,-64.39403872
1871,tin,EU27,51.41868142
1947,tin,RoW,2.936583891
1947,zinc,China,-1940.697227
1872,tin,EU27,51.47281141
1947,zinc,RoW,895.3437903
1948,nickel,China,-5.088428931
1873,tin,EU27,51.52815085
1948,nickel,RoW,-217.572437
1948,tin,China,-64.39403872
1874,tin,EU27,51.58472613
1948,tin,RoW,2.689298313
1948,zinc,China,-1943.226443
1875,tin,EU27,51.64256414
1948,zinc,RoW,895.619276
1949,nickel,China,-5.088428931
1876,tin,EU27,51.70169232
1949,nickel,RoW,-217.572437
1949,tin,China,-64.39403872
1877,tin,EU27,51.76213865
1949,tin,RoW,2.438774661
1949,zinc,China,-1944.805491
1878,tin,EU27,51.82393164
1949,zinc,RoW,894.8709437
1950,nickel,China,-5.088428931
1879,tin,EU27,51.88710038
1950,nickel,RoW,-217.572437
1950,tin,China,-64.39403872
1880,tin,EU27,51.95167449
1950,tin,RoW,2.185101719
1950,zinc,China,-1945.388946
1881,tin,EU27,52.01768419
1950,zinc,RoW,893.0508929
1951,nickel,China,-5.088428931
1882,tin,EU27,52.08516024
1951,nickel,RoW,-217.572437
1951,tin,China,-64.39403872
1883,tin,EU27,52.15413399
1951,tin,RoW,1.928381343
1951,zinc,China,-1944.93072
1884,tin,EU27,52.22463736
1951,zinc,RoW,890.1104752
1952,nickel,China,-5.088428931
1885,tin,EU27,52.29670287
1952,nickel,RoW,-217.572437
1952,tin,China,-64.39403872
1886,tin,EU27,52.37036361
1952,tin,RoW,1.668729505
1952,zinc,China,-1943.384158
1887,tin,EU27,52.44565328
1952,zinc,RoW,886.0003854
1953,nickel,China,-5.088428931
1888,tin,EU27,52.52260617
1953,nickel,RoW,-217.572437
1953,tin,China,-64.39403872
1889,tin,EU27,52.60125714
1953,tin,RoW,1.406277398
1953,zinc,China,-1940.702143
1890,tin,EU27,52.68164167
1953,zinc,RoW,880.6707633
1954,nickel,China,-5.088428931
1891,tin,EU27,52.76379585
1954,nickel,RoW,-217.572437
1954,tin,China,-64.39403872
1892,tin,EU27,52.84775632
1954,tin,RoW,1.141172617
1954,zinc,China,-1936.837213
1893,tin,EU27,52.93356037
1954,zinc,RoW,874.0713051
1955,nickel,China,-5.088428931
1894,tin,EU27,53.02124583
1955,nickel,RoW,-217.572437
1955,tin,China,-64.39403872
1895,tin,EU27,53.11085115
1955,tin,RoW,0.87358042
1955,zinc,China,-1931.74168
1896,tin,EU27,53.20241535
1955,zinc,RoW,866.1513844
1956,nickel,China,-5.088428931
1897,tin,EU27,53.29597803
1956,nickel,RoW,-217.572437
1956,tin,China,-64.39403872
1898,tin,EU27,53.39157935
1956,tin,RoW,0.603685073
1956,zinc,China,-1925.367767
1899,tin,EU27,53.48926003
1956,zinc,RoW,856.8601844
1957,nickel,China,-5.088428931
1900,tin,EU27,53.58906133
1957,nickel,RoW,-217.572437
1957,tin,China,-64.39403872
1901,tin,EU27,53.69102506
1957,tin,RoW,0.331691281
1957,zinc,China,-1917.667757
1902,tin,EU27,53.79519352
1957,zinc,RoW,846.1468389
1958,nickel,China,-5.088428931
1903,tin,EU27,53.90160954
1958,nickel,RoW,-217.572437
1958,tin,China,-64.39403872
1904,tin,EU27,54.01031639
1958,tin,RoW,0.057825711
1958,zinc,China,-1908.59414
1905,tin,EU27,54.12135784
1958,zinc,RoW,833.9605832
1959,nickel,China,-5.088428931
1906,tin,EU27,54.23477804
1959,nickel,RoW,-217.572437
1959,tin,China,-64.39403872
1907,tin,EU27,54.35062159
1959,tin,RoW,-0.217661388
1959,zinc,China,-1898.099782
1908,tin,EU27,54.46893342
1959,zinc,RoW,820.250915
1960,nickel,China,-5.088428931
1909,tin,EU27,54.58975881
1960,nickel,RoW,-217.572437
1960,tin,China,-64.39403872
1910,tin,EU27,54.71314333
1960,tin,RoW,-0.494494466
1960,zinc,China,-1886.138094
1911,tin,EU27,54.8391328
1960,zinc,RoW,804.9677632
1961,nickel,China,-5.088428931
1912,tin,EU27,54.96777326
1961,nickel,RoW,-217.572437
1961,tin,China,-64.39403872
1913,tin,EU27,55.09911086
1961,tin,RoW,-0.772370839
1961,zinc,China,-1872.663212
1914,tin,EU27,55.23319187
1961,zinc,RoW,788.0616646
1962,nickel,China,-5.088428931
1915,tin,EU27,55.37006259
1962,nickel,RoW,-217.572437
1962,tin,China,-64.39403872
1916,tin,EU27,55.50976927
1962,tin,RoW,-1.050958756
1962,zinc,China,-1857.630181
1917,tin,EU27,55.65235802
1962,zinc,RoW,769.483948
1963,nickel,China,-5.088428931
1918,tin,EU27,55.7978748
1963,nickel,RoW,-217.572437
1963,tin,China,-64.39403872
1919,tin,EU27,55.94636523
1963,tin,RoW,-1.329895343
1963,zinc,China,-1840.995152
1920,tin,EU27,56.09787457
1963,zinc,RoW,749.1869238
1964,nickel,China,-5.088428931
1921,tin,EU27,56.25244758
1964,nickel,RoW,-217.572437
1964,tin,China,-64.39403872
1922,tin,EU27,56.4101284
1964,tin,RoW,-1.608784429
1964,zinc,China,-1822.715569
1923,tin,EU27,56.57096045
1964,zinc,RoW,727.1240772
1965,nickel,China,-5.088428931
1924,tin,EU27,56.73498627
1965,nickel,RoW,-217.572437
1965,tin,China,-64.39403872
1925,tin,EU27,56.90224737
1965,tin,RoW,-1.887194249
1965,zinc,China,-1802.750369
1926,tin,EU27,57.0727841
1965,zinc,RoW,703.2502644
1966,nickel,China,-5.088428931
1927,tin,EU27,57.24663545
1966,nickel,RoW,-217.572437
1966,tin,China,-64.39403872
1928,tin,EU27,57.42383887
1966,tin,RoW,-2.16465502
1966,zinc,China,-1781.060175
1929,tin,EU27,57.60443007
1966,zinc,RoW,677.5219088
1967,nickel,China,-5.088428931
1930,tin,EU27,57.78844281
1967,nickel,RoW,-217.572437
1967,tin,China,-64.39403872
1931,tin,EU27,57.97590867
1967,tin,RoW,-2.440656382
1967,zinc,China,-1757.607489
1932,tin,EU27,58.16685676
1967,zinc,RoW,649.8971949
1968,nickel,China,-5.088428931
1933,tin,EU27,58.36131349
1968,nickel,RoW,-217.572437
1968,tin,China,-64.39403872
1934,tin,EU27,58.55930227
1968,tin,RoW,-2.71464471
1968,zinc,China,-1732.356874
1935,tin,EU27,58.76084317
1968,zinc,RoW,620.3362567
1969,nickel,China,-5.088428931
1936,tin,EU27,58.96595259
1969,nickel,RoW,-217.572437
1969,tin,China,-64.39403872
1937,tin,EU27,59.17464293
1969,tin,RoW,-2.986020282
1969,zinc,China,-1705.275125
1938,tin,EU27,59.38692212
1969,zinc,RoW,588.8013585
1970,nickel,China,-5.088428931
1939,tin,EU27,59.60279329
1970,nickel,RoW,-217.572437
1970,tin,China,-64.39403872
1940,tin,EU27,59.82225425
1970,tin,RoW,-3.254134316
1970,zinc,China,-1676.331433
1941,tin,EU27,60.045297
1970,zinc,RoW,555.2570634
1971,nickel,China,-5.088428931
1942,tin,EU27,60.27190725
1971,nickel,RoW,-217.572437
1971,tin,China,-64.39403872
1943,tin,EU27,60.50206386
1971,tin,RoW,-3.518285864
1971,zinc,China,-1645.497514
1944,tin,EU27,60.73573816
1971,zinc,RoW,519.6703855
1972,nickel,China,-5.088428931
1945,tin,EU27,60.9728934
1972,nickel,RoW,-217.572437
1972,tin,China,-64.39403872
1946,tin,EU27,61.213484
1972,tin,RoW,-3.77771857
1972,zinc,China,-1612.747726
1947,tin,EU27,61.45745482
1972,zinc,RoW,482.0109217
1973,nickel,China,-5.088428931
1948,tin,EU27,61.7047404
1973,nickel,RoW,-217.572437
1973,tin,China,-64.39403872
1949,tin,EU27,61.95526405
1973,tin,RoW,-4.031617289
1973,zinc,China,-1578.059149
1950,tin,EU27,62.208937
1973,zinc,RoW,442.2509579
1974,nickel,China,-5.088428931
1951,tin,EU27,62.46565737
1974,nickel,RoW,-217.572437
1974,tin,China,-64.39403872
1952,tin,EU27,62.72530921
1974,tin,RoW,-4.279104581
1974,zinc,China,-1541.411621
1953,tin,EU27,62.98776132
1974,zinc,RoW,400.3655443
1975,nickel,China,-5.088428931
1954,tin,EU27,63.2528661
1975,nickel,RoW,-217.572437
1975,tin,China,-64.39403872
1955,tin,EU27,63.5204583
1975,tin,RoW,-4.519237068
1975,zinc,China,-1502.787735
1956,tin,EU27,63.79035364
1975,zinc,RoW,356.3325336
1976,nickel,China,-5.088428931
1957,tin,EU27,64.06234743
1976,nickel,RoW,-217.572437
1976,tin,China,-64.39403872
1958,tin,EU27,64.336213
1976,tin,RoW,-4.751001681
1976,zinc,China,-1462.172775
1959,tin,EU27,64.6117001
1976,zinc,RoW,310.1325756
1977,nickel,China,-5.088428931
1960,tin,EU27,64.88853318
1977,nickel,RoW,-217.572437
1977,tin,China,-64.39403872
1961,tin,EU27,65.16640955
1977,tin,RoW,-4.973311795
1977,zinc,China,-1419.554588
1962,tin,EU27,65.44499747
1977,zinc,RoW,261.7490625
1978,nickel,China,-5.088428931
1963,tin,EU27,65.72393406
1978,nickel,RoW,-217.572437
1978,tin,China,-64.39403872
1964,tin,EU27,66.00282314
1978,tin,RoW,-5.185003275
1978,zinc,China,-1374.923376
1965,tin,EU27,66.28123296
1978,zinc,RoW,211.1680159
1979,nickel,China,-5.088428931
1966,tin,EU27,66.55869373
1979,nickel,RoW,-217.572437
1979,tin,China,-64.39403872
1967,tin,EU27,66.8346951
1979,tin,RoW,-5.384830432
1979,zinc,China,-1328.271403
1968,tin,EU27,67.10868343
1979,zinc,RoW,158.3779097
1980,nickel,China,-5.088428931
1969,tin,EU27,67.380059
1980,nickel,RoW,-217.572437
1980,tin,China,-64.39403872
1970,tin,EU27,67.64817303
1980,tin,RoW,-5.571461943
1980,zinc,China,-1279.592596
1971,tin,EU27,67.91232458
1980,zinc,RoW,103.3694201
1981,nickel,China,-5.088428931
1972,tin,EU27,68.17175728
1981,nickel,RoW,-217.572437
1981,tin,China,-64.39403872
1973,tin,EU27,68.425656
1981,tin,RoW,-5.743476718
1981,zinc,China,-1228.882028
1974,tin,EU27,68.6731433
1981,zinc,RoW,46.13509516
1982,nickel,China,-5.088428931
1975,tin,EU27,68.91327578
1982,nickel,RoW,-217.572437
1982,tin,China,-64.39403872
1976,tin,EU27,69.1450404
1982,tin,RoW,-5.899359786
1982,zinc,China,-1176.135263
1977,tin,EU27,69.36735051
1982,zinc,RoW,-13.33106415
1983,nickel,China,-5.088428931
1978,tin,EU27,69.57904199
1983,nickel,RoW,-217.572437
1983,tin,China,-64.39403872
1979,tin,EU27,69.77886915
1983,tin,RoW,-6.037498203
1983,zinc,China,-1121.347551
1980,tin,EU27,69.96550066
1983,zinc,RoW,-75.03411955
1984,nickel,China,-5.088428931
1981,tin,EU27,70.13751543
1984,nickel,RoW,-217.572437
1984,tin,China,-64.39403872
1982,tin,EU27,70.2933985
1984,tin,RoW,-6.156177045
1984,zinc,China,-1064.512841
1983,tin,EU27,70.43153692
1984,zinc,RoW,-138.9788147
1985,nickel,China,-5.088428931
1984,tin,EU27,70.55021576
1985,nickel,RoW,-217.572437
1985,tin,China,-64.39403872
1985,tin,EU27,70.64761424
1985,tin,RoW,-6.253575526
1985,zinc,China,-1005.622593
1986,tin,EU27,70.72180201
1985,zinc,RoW,-205.1703055
1986,nickel,China,-5.088428931
1987,tin,EU27,70.7707357
1986,nickel,RoW,-217.572437
1986,tin,China,-64.39403872
1988,tin,EU27,70.79225581
1986,tin,RoW,-6.327763295
1986,zinc,China,-944.6643629
1989,tin,EU27,70.78408393
1986,zinc,RoW,-273.6150082
1987,nickel,China,-5.088428931
1990,tin,EU27,70.74382058
1987,nickel,RoW,-217.572437
1987,tin,China,-64.39403872
1991,tin,EU27,70.66894349
1987,tin,RoW,-6.376696988
1987,zinc,China,-881.6201226
1992,tin,EU27,70.55680673
1987,zinc,RoW,-344.3215686
1988,nickel,China,-5.088428931
1993,tin,EU27,70.40464058
1988,nickel,RoW,-217.572437
1988,tin,China,-64.39403872
1994,tin,EU27,70.20955242
1988,tin,RoW,-6.398217093
1988,zinc,China,-816.464283
1995,tin,EU27,49.01104006
1988,zinc,RoW,-417.301958
1989,nickel,China,-5.088428931
1996,tin,EU27,110.4074523
1989,nickel,RoW,-217.572437
1989,tin,China,-64.39403872
1997,tin,EU27,53.3187095
1989,tin,RoW,-6.39004522
1989,zinc,China,-749.1613754
1998,tin,EU27,57.21527974
1989,zinc,RoW,-492.5726962
1990,nickel,China,-5.088428931
1999,tin,EU27,45.12448259
1990,nickel,RoW,-217.572437
1990,tin,China,-64.39403872
2000,tin,EU27,45.79409351
1990,tin,RoW,-6.349781866
1990,zinc,China,-679.6633424
2001,tin,EU27,67.1930442
1990,zinc,RoW,-570.1562004
1991,nickel,China,-5.088428931
2002,tin,EU27,197.2782093
1991,nickel,RoW,-217.572437
1991,tin,China,-64.39403872
2003,tin,EU27,64.7306597
1991,tin,RoW,-6.274904777
1991,zinc,China,-607.9063789
2004,tin,EU27,61.777197
1991,zinc,RoW,-650.0822573
1992,nickel,China,-5.088428931
2005,tin,EU27,62.76546978
1992,nickel,RoW,-217.572437
1992,tin,China,-64.39403872
2006,tin,EU27,85.23924325
1992,tin,RoW,-6.162768017
1992,zinc,China,-533.8072566
2007,tin,EU27,53.74724218
1992,zinc,RoW,-732.3896108
1993,nickel,China,-5.088428931
2008,tin,EU27,52.65688243
1993,nickel,RoW,-217.572437
1993,tin,China,-64.39403872
2009,tin,EU27,31.0162119
1993,tin,RoW,-6.01060187
1993,zinc,China,-457.2590488
2010,tin,EU27,45.53022489
1993,zinc,RoW,-817.1276542
1994,nickel,China,-5.088428931
2011,tin,EU27,61.81981807
1994,nickel,RoW,-217.572437
1994,tin,China,-64.39403872
2012,tin,EU27,45.42877331
1994,tin,RoW,-5.815513702
1994,zinc,China,-378.1261583
2013,tin,EU27,51.5060179
1994,zinc,RoW,-904.3582148
1995,nickel,China,-5.088428931
2014,tin,EU27,48.32656979
1995,nickel,RoW,-217.572437
1995,tin,China,-64.39403872
2015,tin,EU27,50.6841603
1995,tin,RoW,15.38299866
1995,zinc,China,-290.612488
2016,tin,EU27,43.88209488
1995,zinc,RoW,-684.757874
1996,nickel,China,18.39878154
2017,tin,EU27,50.23933573
1996,nickel,RoW,-175.619579
1996,tin,China,-51.23688428
2018,tin,EU27,49.00409082
1996,tin,RoW,-59.170568
1996,zinc,China,-108.6851904
2019,tin,EU27,47.6973108
1996,zinc,RoW,-1003.652131
1997,nickel,China,-1.872335414
2020,tin,EU27,38.82359033
1997,nickel,RoW,-188.5318516
1997,tin,China,-46.37368171
2021,tin,EU27,46.99502889
1997,tin,RoW,-6.945027795
1997,zinc,China,-662.1088699
2022,tin,EU27,43.281796
1997,zinc,RoW,-536.8934171
1998,nickel,China,-4.151341082
2023,tin,EU27,39.06022744
1998,nickel,RoW,-233.1850186
1998,tin,China,-62.93884855
2024,tin,EU27,35.34834016
1998,tin,RoW,5.72356881
1998,zinc,China,-521.8616919
2025,tin,EU27,38.69109093
1998,zinc,RoW,-1145.063537
1999,nickel,China,-13.35890362
2026,tin,EU27,37.70442166
1999,nickel,RoW,-222.8935959
1999,tin,China,-68.43199737
2027,tin,EU27,36.76826516
1999,tin,RoW,23.30751477
1999,zinc,China,-537.6791996
2028,tin,EU27,35.87995641
1999,zinc,RoW,-923.2477543
2000,nickel,China,0.510909461
2029,tin,EU27,35.0370157
2000,nickel,RoW,-277.9148164
2000,tin,China,-77.29557908
2030,tin,EU27,34.23713231
2000,tin,RoW,31.50148557
2000,zinc,China,-657.0076524
2031,tin,EU27,33.47814975
2000,zinc,RoW,-770.992987
2001,nickel,China,19.04880093
2032,tin,EU27,32.75805249
2001,nickel,RoW,-365.6960016
2001,tin,China,-67.99361819
2033,tin,EU27,32.07495401
2001,tin,RoW,0.800573985
2001,zinc,China,-129.8333614
2034,tin,EU27,31.42708602
2001,zinc,RoW,-1341.242836
2002,nickel,China,35.93588464
2035,tin,EU27,30.81278872
2002,nickel,RoW,-446.9674478
2002,tin,China,-45.8630375
2036,tin,EU27,30.23050203
2002,tin,RoW,-151.4151718
2002,zinc,China,40.28980283
2037,tin,EU27,29.67875756
2002,zinc,RoW,-1612.583829
2003,nickel,China,58.37041332
2038,tin,EU27,29.15617149
2003,nickel,RoW,-411.5504388
2003,tin,China,-40.12698739
2039,tin,EU27,28.66143799
2003,tin,RoW,-24.60367231
2003,zinc,China,109.4305621
2040,tin,EU27,28.19332329
2003,zinc,RoW,-1603.350785
2004,nickel,China,48.8401618
2041,tin,EU27,27.75066034
2004,nickel,RoW,-400.9040558
2004,tin,China,-24.25149359
2042,tin,EU27,27.33234392
2004,tin,RoW,-37.52570341
2004,zinc,China,312.4949638
2043,tin,EU27,26.93732615
2004,zinc,RoW,-1813.174436
2005,nickel,China,87.92254722
2044,tin,EU27,26.5646125
2005,nickel,RoW,-451.15017
2005,tin,China,-8.954490135
2045,tin,EU27,26.21325805
2005,tin,RoW,-53.81097965
2005,zinc,China,691.0517014
2046,tin,EU27,25.88236418
2005,zinc,RoW,-2067.62353
2006,nickel,China,199.4296669
2047,tin,EU27,25.57107542
2006,nickel,RoW,-533.1306966
2006,tin,China,-9.719426945
2048,tin,EU27,25.2785767
2006,tin,RoW,-75.51981631
2006,zinc,China,527.9752638
2049,tin,EU27,25.00409075
2006,zinc,RoW,-2240.097567
2007,nickel,China,398.7680393
2050,tin,EU27,24.74687571
2007,nickel,RoW,-758.9642631
2007,tin,China,-9.086515605
2051,tin,EU27,24.50622301
2007,tin,RoW,-44.66072657
2007,zinc,China,1211.228532
2052,tin,EU27,24.28145534
2007,zinc,RoW,-3115.613004
2008,nickel,China,339.4644541
2053,tin,EU27,24.07192483
2008,nickel,RoW,-728.586269
2008,tin,China,-120.8160824
2054,tin,EU27,23.87701137
2008,tin,RoW,68.15919994
2008,zinc,China,1493.507861
2055,tin,EU27,23.696121
2008,zinc,RoW,-2872.021041
2009,nickel,China,498.4416754
2056,tin,EU27,23.52868454
2009,nickel,RoW,-799.9361026
2009,tin,China,23.45448872
2057,tin,EU27,23.37415621
2009,tin,RoW,-54.47070061
2009,zinc,China,2851.744965
2058,tin,EU27,23.23201239
2009,zinc,RoW,-3590.720578
2010,nickel,China,640.8870386
2059,tin,EU27,23.10175051
2010,nickel,RoW,-1009.260461
2010,tin,China,15.62265125
2060,tin,EU27,22.98288793
2010,tin,RoW,-61.15287614
2010,zinc,China,2308.068944
2061,tin,EU27,22.87496101
2010,zinc,RoW,-3917.252399
2011,nickel,China,1077.138272
2062,tin,EU27,22.77752413
2011,nickel,RoW,-1332.095451
2011,tin,China,19.12939743
2063,tin,EU27,22.69014886
2011,tin,RoW,-80.9492155
2011,zinc,China,2064.24504
2064,tin,EU27,22.61242316
2011,zinc,RoW,-3326.691927
2012,nickel,China,1415.89049
2065,tin,EU27,22.54395059
2012,nickel,RoW,-1667.623458
2012,tin,China,39.53372507
2066,tin,EU27,22.48434963
2012,tin,RoW,-84.96249838
2012,zinc,China,1988.3684
2067,tin,EU27,22.43325303
2012,zinc,RoW,-3421.756147
2013,nickel,China,1801.296904
2068,tin,EU27,22.39030714
2013,nickel,RoW,-2037.869649
2013,tin,China,8.08548553
2069,tin,EU27,22.35517137
2013,tin,RoW,-59.59150343
2013,zinc,China,1960.368333
2070,tin,EU27,22.3275176
2013,zinc,RoW,-2835.139482
2014,nickel,China,1061.001189
2071,tin,EU27,22.30702971
2014,nickel,RoW,-1283.029586
2014,tin,China,8.08548553
2072,tin,EU27,22.29340303
2014,tin,RoW,-56.41205532
2014,zinc,China,1753.643074
2073,tin,EU27,22.28634391
2014,zinc,RoW,-2726.645415
2015,nickel,China,1037.934911
2074,tin,EU27,22.28556926
2015,nickel,RoW,-1271.796436
2015,tin,China,5.292464195
2075,tin,EU27,22.29080615
2015,tin,RoW,-55.97662449
2015,zinc,China,2366.909332
2076,tin,EU27,22.30179141
2015,zinc,RoW,-3199.124089
2016,nickel,China,673.9059053
2077,tin,EU27,22.31827124
2016,nickel,RoW,-916.4437558
2016,tin,China,2.350240375
2078,tin,EU27,22.34000087
2016,tin,RoW,-46.23233525
2016,zinc,China,1517.665258
2079,tin,EU27,22.3667442
2016,zinc,RoW,-2467.842142
2017,nickel,China,1172.723833
2080,tin,EU27,22.39827351
2017,nickel,RoW,-1402.539322
2017,tin,China,-3.991554435
2081,tin,EU27,22.4343691
2017,tin,RoW,-46.24778129
2017,zinc,China,1984.803829
2082,tin,EU27,22.47481904
2017,zinc,RoW,-2776.931953
2018,nickel,China,1138.94403
2083,tin,EU27,22.51941886
2018,nickel,RoW,-1418.545081
2018,tin,China,-3.908463285
2084,tin,EU27,22.56797132
2018,tin,RoW,-45.09562754
2018,zinc,China,2329.367719
2085,tin,EU27,22.62028609
2018,zinc,RoW,-3221.355275
2019,nickel,China,1489.65924
2086,tin,EU27,22.67617956
2019,nickel,RoW,-1712.220222
2019,tin,China,-2.69536411
2087,tin,EU27,22.73547458
2019,tin,RoW,-45.00194669
2019,zinc,China,2501.823484
2088,tin,EU27,22.79800022
2019,zinc,RoW,-3055.960006
2020,nickel,China,1117.666503
2089,tin,EU27,22.8635916
2020,nickel,RoW,-1289.230047
2020,tin,China,16.17714367
2090,tin,EU27,22.93208963
2020,tin,RoW,-55.00073399
2020,zinc,China,2670.317984
2091,tin,EU27,23.00334084
2020,zinc,RoW,-2995.451962
2021,nickel,China,1422.91559
2092,tin,EU27,23.07719719
2021,nickel,RoW,-1586.933905
2021,tin,China,13.55457073
2093,tin,EU27,23.15351585
2021,tin,RoW,-60.54959962
2021,zinc,China,2466.800465
2094,tin,EU27,23.23215909
2021,zinc,RoW,-2901.701005
2022,nickel,China,1593.874151
2095,tin,EU27,23.31299404
2022,nickel,RoW,-1712.681498
2022,tin,China,65.43301011
2096,tin,EU27,23.39589256
2022,tin,RoW,-108.7148061
2022,zinc,China,2265.445095
2097,tin,EU27,23.4807311
2022,zinc,RoW,-3106.313519
2023,nickel,China,1481.872163
2098,tin,EU27,23.56739051
2023,nickel,RoW,-1678.627279
2023,tin,China,67.68130367
2099,tin,EU27,23.6557559
2023,tin,RoW,-106.7415311
2023,zinc,China,2857.690944
2100,tin,EU27,23.74571654
2023,zinc,RoW,-3341.680649
2024,nickel,China,2007.250598
1870,zinc,EU27,981.6003064
2024,nickel,RoW,-2185.55388
2024,tin,China,62.6296943
1871,zinc,EU27,981.7983179
2024,tin,RoW,-97.97803446
2024,zinc,China,2640.377204
1872,zinc,EU27,982.0026313
2024,zinc,RoW,1854.516142
2025,nickel,China,2079.868778
1873,zinc,EU27,982.2134476
2025,nickel,RoW,-2258.17206
2025,tin,China,65.71783401
1874,zinc,EU27,982.4309744
2025,tin,RoW,-104.4089249
2025,zinc,China,2818.382798
1875,zinc,EU27,982.6554258
2025,zinc,RoW,-2210.968693
2026,nickel,China,2205.91682
1876,zinc,EU27,982.887023
2026,nickel,RoW,-2384.220102
2026,tin,China,73.910812
1877,zinc,EU27,983.1259942
2026,tin,RoW,-111.6152337
2026,zinc,China,2939.289322
1878,zinc,EU27,983.3725749
2026,zinc,RoW,-2026.748747
2027,nickel,China,2329.938764
1879,zinc,EU27,983.6270082
2027,nickel,RoW,-2508.242047
2027,tin,China,82.59493612
1880,zinc,EU27,983.8895449
2027,tin,RoW,-119.3632013
2027,zinc,China,3056.555589
1881,zinc,EU27,984.160444
2027,zinc,RoW,-1819.748519
2028,nickel,China,2451.389575
1882,zinc,EU27,984.4399729
2028,nickel,RoW,-2629.692857
2028,tin,China,91.76125469
1883,zinc,EU27,984.7284075
2028,tin,RoW,-127.6412111
2028,zinc,China,3169.997393
1884,zinc,EU27,985.0260325
2028,zinc,RoW,-1583.669742
2029,nickel,China,2569.763599
1885,zinc,EU27,985.333142
2029,nickel,RoW,-2748.066881
2029,tin,China,101.3946799
1886,zinc,EU27,985.6500393
2029,tin,RoW,-136.4316956
2029,zinc,China,3279.451196
1887,zinc,EU27,985.9770378
2029,zinc,RoW,-1314.103761
2030,nickel,China,2684.59935
1888,zinc,EU27,986.3144608
2030,nickel,RoW,-2862.902632
2030,tin,China,111.4743348
1889,zinc,EU27,986.6626421
2030,tin,RoW,-145.7114672
2030,zinc,China,3384.775249
1890,zinc,EU27,987.0219262
2030,zinc,RoW,-1008.211998
2031,nickel,China,2795.482926
1891,zinc,EU27,987.3926688
2031,nickel,RoW,-2973.786208
2031,tin,China,121.973942
1892,zinc,EU27,987.7752373
2031,tin,RoW,-155.4520917
2031,zinc,China,3485.850191
1893,zinc,EU27,988.1700106
2031,zinc,RoW,-664.5095006
2032,nickel,China,2902.050192
1894,zinc,EU27,988.5773802
2032,nickel,RoW,-3080.353474
2032,tin,China,132.8622573
1895,zinc,EU27,988.9977501
2032,tin,RoW,-165.6203098
2032,zinc,China,3582.579213
1896,zinc,EU27,989.4315375
2032,zinc,RoW,-282.7063259
2033,nickel,China,3003.987836
1897,zinc,EU27,989.879173
2033,nickel,RoW,-3182.291118
2033,tin,China,144.1035473
1898,zinc,EU27,990.3411014
2033,tin,RoW,-176.1785013
2033,zinc,China,3674.887847
1899,zinc,EU27,990.8177817
2033,zinc,RoW,136.4215994
2034,nickel,China,3101.033444
1900,zinc,EU27,991.309688
2034,nickel,RoW,-3279.336726
2034,tin,China,155.6581057
1901,zinc,EU27,991.8173098
2034,tin,RoW,-187.0851917
2034,zinc,China,3762.723446
1902,zinc,EU27,992.3411524
2034,zinc,RoW,591.1493126
2035,nickel,China,3192.974708
1903,zinc,EU27,992.8817379
2035,nickel,RoW,-3371.277991
2035,tin,China,167.4828027
1904,zinc,EU27,993.439605
2035,tin,RoW,-198.2955914
2035,zinc,China,3846.054412
1905,zinc,EU27,994.0153102
2035,zinc,RoW,1078.917128
2036,nickel,China,3279.647919
1906,zinc,EU27,994.6094283
2036,nickel,RoW,-3457.951201
2036,tin,China,179.5316596
1907,zinc,EU27,995.2225528
2036,tin,RoW,-209.7621616
2036,zinc,China,3924.869221
1908,zinc,EU27,995.8552964
2036,zinc,RoW,1596.447212
2037,nickel,China,3360.93585
1909,zinc,EU27,996.5082923
2037,nickel,RoW,-3539.239132
2037,tin,China,191.756439
1910,zinc,EU27,997.1821941
2037,tin,RoW,-221.4351966
2037,zinc,China,3999.17529
1911,zinc,EU27,997.8776771
2037,zinc,RoW,2139.863885
2038,nickel,China,3436.765179
1912,zinc,EU27,998.5954386
2038,nickel,RoW,-3615.068461
2038,tin,China,204.107241
1913,zinc,EU27,999.336199
2038,tin,RoW,-233.2634125
2038,zinc,China,4068.997731
1914,zinc,EU27,1000.100702
2038,zinc,RoW,2704.816959
2039,nickel,China,3507.103534
1915,zinc,EU27,1000.889717
2039,nickel,RoW,-3685.406817
2039,tin,China,216.5330973
1916,zinc,EU27,1001.704038
2039,tin,RoW,-245.1945353
2039,zinc,China,4134.37802
1917,zinc,EU27,1002.544485
2039,zinc,RoW,3286.606136
2040,nickel,China,3571.956291
1918,zinc,EU27,1003.411904
2040,nickel,RoW,-3750.259573
2040,tin,China,228.9825521
1919,zinc,EU27,1004.307173
2040,tin,RoW,-257.1758753
2040,zinc,China,4195.372615
1920,zinc,EU27,1005.231195
2040,zinc,RoW,3880.303806
2041,nickel,China,3631.363196
1921,zinc,EU27,1006.184904
2041,nickel,RoW,-3809.666478
2041,tin,China,241.4042233
1922,zinc,EU27,1007.169268
2041,tin,RoW,-269.1548836
2041,zinc,China,4252.051557
1923,zinc,EU27,1008.185283
2041,zinc,RoW,4480.873397
2042,nickel,China,3685.394913
1924,zinc,EU27,1009.23398
2042,nickel,RoW,-3863.698196
2042,tin,China,253.7473351
1925,zinc,EU27,1010.316426
2042,tin,RoW,-281.079679
2042,zinc,China,4304.497062
1926,zinc,EU27,1011.433722
2042,zinc,RoW,5083.280534
2043,nickel,China,3734.149555
1927,zinc,EU27,1012.587007
2043,nickel,RoW,-3912.452837
2043,tin,China,265.9622155
1928,zinc,EU27,1013.777456
2043,tin,RoW,-292.8995417
2043,zinc,China,4352.802134
1929,zinc,EU27,1015.006286
2043,zinc,RoW,5682.594619
2044,nickel,China,3777.749254
1930,zinc,EU27,1016.274754
2044,nickel,RoW,-3956.052536
2044,tin,China,278.0007534
1931,zinc,EU27,1017.584161
2044,tin,RoW,-304.5653659
2044,zinc,China,4397.069214
1932,zinc,EU27,1018.935849
2044,zinc,RoW,6274.078931
2045,nickel,China,3816.336843
1933,zinc,EU27,1020.331208
2045,nickel,RoW,-3994.640126
2045,tin,China,289.8168114
1934,zinc,EU27,1021.771675
2045,tin,RoW,-316.0300695
2045,zinc,China,4437.408873
1935,zinc,EU27,1023.258734
2045,zinc,RoW,6853.267881
2046,nickel,China,3850.07266
1936,zinc,EU27,1024.793922
2046,nickel,RoW,-4028.375942
2046,tin,China,301.3665897
1937,zinc,EU27,1026.378828
2046,tin,RoW,-327.2489539
2046,zinc,China,4473.938564
1938,zinc,EU27,1028.015095
2046,zinc,RoW,7416.030653
2047,nickel,China,3879.131524
1939,zinc,EU27,1029.704421
2047,nickel,RoW,-4057.434806
2047,tin,China,312.6089407
1940,zinc,EU27,1031.448565
2047,tin,RoW,-338.1800162
2047,zinc,China,4506.781434
1941,zinc,EU27,1033.249345
2047,zinc,RoW,7958.620988
2048,nickel,China,3903.6999
1942,zinc,EU27,1035.108643
2048,nickel,RoW,-4082.003183
2048,tin,China,323.5056321
1943,zinc,EU27,1037.028405
2048,tin,RoW,-348.7842088
2048,zinc,China,4536.065213
1944,zinc,EU27,1039.010644
2048,zinc,RoW,8477.713331
2049,nickel,China,3923.973274
1945,zinc,EU27,1041.057446
2049,nickel,RoW,-4102.276556
2049,tin,China,334.0215589
1946,zinc,EU27,1043.170966
2049,tin,RoW,-359.0256496
2049,zinc,China,4561.921173
1947,zinc,EU27,1045.353436
2049,zinc,RoW,8970.426035
2050,nickel,China,3940.153728
1948,zinc,EU27,1047.607167
2050,nickel,RoW,-4118.45701
2050,tin,China,344.1249055
1949,zinc,EU27,1049.934548
2050,tin,RoW,-368.8717812
2050,zinc,China,4584.48316
1950,zinc,EU27,1052.338053
2050,zinc,RoW,9434.332558
2051,nickel,China,3952.447751
1951,zinc,EU27,1054.820244
2051,nickel,RoW,-4130.751033
2051,tin,China,353.7872591
1952,zinc,EU27,1057.383772
2051,tin,RoW,-378.2934821
2051,zinc,China,4603.886709
1953,zinc,EU27,1060.03138
2051,zinc,RoW,9867.461913
2052,nickel,China,3961.064257
1954,zinc,EU27,1062.765908
2052,nickel,RoW,-4139.367539
2052,tin,China,362.9836776
1955,zinc,EU27,1065.590295
2052,tin,RoW,-387.2651329
2052,zinc,China,4620.268234
1956,zinc,EU27,1068.507583
2052,zinc,RoW,10268.28972
2053,nickel,China,3966.212819
1957,zinc,EU27,1071.520918
2053,nickel,RoW,-4144.516101
2053,tin,China,371.6927133
1958,zinc,EU27,1074.633557
2053,tin,RoW,-395.7646381
2053,zinc,China,4633.764289
1959,zinc,EU27,1077.848867
2053,zinc,RoW,10635.72135
2054,nickel,China,3968.102112
1960,zinc,EU27,1081.170331
2054,nickel,RoW,-4146.405394
2054,tin,China,379.8963981
1961,zinc,EU27,1084.601547
2054,tin,RoW,-403.7734095
2054,zinc,China,4644.510907
1962,zinc,EU27,1088.146233
2054,zinc,RoW,10969.06859
2055,nickel,China,3966.938553
1963,zinc,EU27,1091.808228
2055,nickel,RoW,-4145.241835
2055,tin,China,387.5801919
1964,zinc,EU27,1095.591492
2055,tin,RoW,-411.2763129
2055,zinc,China,4652.643011
1965,zinc,EU27,1099.500104
2055,zinc,RoW,11268.02135
2056,nickel,China,3962.925128
1966,zinc,EU27,1103.538266
2056,nickel,RoW,-4141.22841
2056,tin,China,394.7328991
1967,zinc,EU27,1107.710294
2056,tin,RoW,-418.2615836
2056,zinc,China,4658.293885
1968,zinc,EU27,1112.020617
2056,zinc,RoW,11532.61568
2057,nickel,China,3956.260396
1969,zinc,EU27,1116.473767
2057,nickel,RoW,-4134.563679
2057,tin,China,401.3465565
1970,zinc,EU27,1121.07437
2057,tin,RoW,-424.7207127
2057,zinc,China,4661.594717
1971,zinc,EU27,1125.827128
2057,zinc,RoW,11763.19938
2058,nickel,China,3947.137653
1972,zinc,EU27,1130.736805
2058,nickel,RoW,-4125.440935
2058,tin,China,407.416298
1973,zinc,EU27,1135.808191
2058,tin,RoW,-430.6483104
2058,zinc,China,4662.6742
1974,zinc,EU27,1141.046076
2058,zinc,RoW,11960.39635
2059,nickel,China,3935.744242
1975,zinc,EU27,1146.455201
2059,nickel,RoW,-4114.047525
2059,tin,China,412.9401983
1976,zinc,EU27,1152.040199
2059,tin,RoW,-436.0419488
2059,zinc,China,4661.658187
1977,zinc,EU27,1157.805525
2059,zinc,RoW,12125.07058
2060,nickel,China,3922.261012
1978,zinc,EU27,1163.75536
2060,nickel,RoW,-4100.564295
2060,tin,China,417.9191003
1979,zinc,EU27,1169.893493
2060,tin,RoW,-440.9019882
2060,zinc,China,4658.669404
1980,zinc,EU27,1176.223176
2060,zinc,RoW,12258.29063
2061,nickel,China,3906.861883
1981,zinc,EU27,1182.746932
2061,nickel,RoW,-4085.165166
2061,tin,China,422.3564304
1982,zinc,EU27,1189.466327
2061,tin,RoW,-445.2313914
2061,zinc,China,4653.827202
1983,zinc,EU27,1196.38167
2061,zinc,RoW,12361.29531
2062,nickel,China,3889.713533
1984,zinc,EU27,1203.491655
2062,nickel,RoW,-4068.016816
2062,tin,China,426.2580044
1985,zinc,EU27,1210.792898
2062,tin,RoW,-449.0355285
2062,zinc,China,4647.247367
1986,zinc,EU27,1218.279371
2062,zinc,RoW,12435.46098
2063,nickel,China,3870.97518
1987,zinc,EU27,1225.941691
2063,nickel,RoW,-4049.278462
2063,tin,China,429.6318268
1988,zinc,EU27,1233.766241
2063,tin,RoW,-452.3219757
2063,zinc,China,4639.041962
1989,zinc,EU27,1241.734072
2063,zinc,RoW,12482.27096
2064,nickel,China,3850.798447
1990,zinc,EU27,1249.819543
2064,nickel,RoW,-4029.101729
2064,tin,China,432.4878881
1991,zinc,EU27,1257.988636
2064,tin,RoW,-455.1003113
2064,zinc,China,4629.319204
1992,zinc,EU27,1266.196867
2064,zinc,RoW,12503.28734
2065,nickel,China,3829.327311
1993,zinc,EU27,1274.386703
2065,nickel,RoW,-4007.630594
2065,tin,China,434.8379606
1994,zinc,EU27,1282.484373
2065,tin,RoW,-457.3819112
2065,zinc,China,4618.183384
1995,zinc,EU27,975.370362
2065,zinc,RoW,12500.1253
2066,nickel,China,3806.698108
1996,zinc,EU27,1112.337322
2066,nickel,RoW,-3985.00139
2066,tin,China,436.6953968
1997,zinc,EU27,1199.002287
2066,tin,RoW,-459.1797464
2066,zinc,China,4605.73481
1998,zinc,EU27,1666.925229
2066,zinc,RoW,12474.43003
2067,nickel,China,3783.0396
1999,zinc,EU27,1460.926954
2067,nickel,RoW,-3961.342882
2067,tin,China,438.0749315
2000,zinc,EU27,1428.000639
2067,tin,RoW,-460.5081845
2067,zinc,China,4592.069778
2001,zinc,EU27,1471.076197
2067,zinc,RoW,12427.85635
2068,nickel,China,3758.473089
2002,zinc,EU27,1572.294026
2068,nickel,RoW,-3936.776372
2068,tin,China,438.9924894
2003,zinc,EU27,1493.920223
2068,tin,RoW,-461.3827965
2068,zinc,China,4577.280572
2004,zinc,EU27,1500.679472
2068,zinc,RoW,12362.05093
2069,nickel,China,3733.112571
2005,zinc,EU27,1376.571828
2069,nickel,RoW,-3911.415854
2069,tin,China,439.4650003
2006,zinc,EU27,1712.122304
2069,tin,RoW,-461.8201716
2069,zinc,China,4561.455475
2007,zinc,EU27,1904.384472
2069,zinc,RoW,12278.63697
2070,nickel,China,3707.06492
2008,zinc,EU27,1378.51318
2070,nickel,RoW,-3885.368203
2070,tin,China,439.5102221
2009,zinc,EU27,738.9756137
2070,tin,RoW,-461.8377397
2070,zinc,China,4544.67881
2010,zinc,EU27,1609.183455
2070,zinc,RoW,12179.20129
2071,nickel,China,3680.430103
2011,zinc,EU27,1262.446886
2071,nickel,RoW,-3858.733385
2071,tin,China,439.1465735
2012,zinc,EU27,1433.387747
2071,tin,RoW,-461.4536032
2071,zinc,China,4527.030988
2013,zinc,EU27,874.7711484
2071,zinc,RoW,12065.2836
2072,nickel,China,3653.301412
2014,zinc,EU27,973.0023402
2072,nickel,RoW,-3831.604694
2072,tin,China,438.3929767
2015,zinc,EU27,832.2147572
2072,tin,RoW,-460.6863797
2072,zinc,China,4508.588577
2016,zinc,EU27,950.1768839
2072,zinc,RoW,11938.36793
2073,nickel,China,3625.765716
2017,zinc,EU27,792.128124
2073,nickel,RoW,-3804.068998
2073,tin,China,437.2687104
2018,zinc,EU27,891.9875559
2073,tin,RoW,-459.5550543
2073,zinc,China,4489.424376
2019,zinc,EU27,554.1365222
2073,zinc,RoW,11799.87575
2074,nickel,China,3597.903719
2020,zinc,EU27,325.1339781
2074,nickel,RoW,-3776.207001
2074,tin,China,435.7932737
2021,zinc,EU27,434.9005397
2074,tin,RoW,-458.078843
2074,zinc,China,4469.607504
2022,zinc,EU27,840.8684242
2074,zinc,RoW,11651.16093
2075,nickel,China,3569.790232
2023,zinc,EU27,483.9897052
2075,nickel,RoW,-3748.093515
2075,tin,China,433.9862614
2024,zinc,EU27,-4494.893346
2075,tin,RoW,-456.2770676
2075,zinc,China,4449.203497
2025,zinc,EU27,-607.414105
2075,zinc,RoW,11493.50606
2076,nickel,China,3541.494448
2026,zinc,EU27,-912.5405744
2076,nickel,RoW,-3719.79773
2076,tin,China,431.8672498
2027,zinc,EU27,-1236.80707
2076,tin,RoW,-454.1690412
2076,zinc,China,4428.274403
2028,zinc,EU27,-1586.327652
2076,zinc,RoW,11328.12019
2077,nickel,China,3513.080209
2029,zinc,EU27,-1965.347435
2077,nickel,RoW,-3691.383491
2077,tin,China,429.4556934
2030,zinc,EU27,-2376.563251
2077,tin,RoW,-451.7739646
2077,zinc,China,4406.878898
2031,zinc,EU27,-2821.34069
2077,zinc,RoW,11156.13765
2078,nickel,China,3484.606291
2032,zinc,EU27,-3299.872887
2078,nickel,RoW,-3662.909573
2078,tin,China,426.7708328
2033,zinc,EU27,-3811.309446
2078,tin,RoW,-449.1108337
2078,zinc,China,4385.072392
2034,zinc,EU27,-4353.872759
2078,zinc,RoW,10978.6178
2079,nickel,China,3456.126667
2035,zinc,EU27,-4924.97154
2079,nickel,RoW,-3634.429949
2079,tin,China,423.8316124
2036,zinc,EU27,-5521.316433
2079,tin,RoW,-446.1983566
2079,zinc,China,4362.907142
2037,zinc,EU27,-6139.039175
2079,zinc,RoW,10796.54574
2080,nickel,China,3427.690778
2038,zinc,EU27,-6773.814691
2080,nickel,RoW,-3605.99406
2080,tin,China,420.6566078
2039,zinc,EU27,-7420.984156
2080,tin,RoW,-443.0548813
2080,zinc,China,4340.43237
2040,zinc,EU27,-8075.676421
2080,zinc,RoW,10610.83355
2081,nickel,China,3399.343793
2041,zinc,EU27,-8732.924954
2081,nickel,RoW,-3577.647075
2081,tin,China,417.2639637
2042,zinc,EU27,-9387.777596
2081,tin,RoW,-439.6983328
2081,zinc,China,4317.69438
2043,zinc,EU27,-10035.39675
2081,zinc,RoW,10422.32222
2082,nickel,China,3371.126862
2044,zinc,EU27,-10671.14815
2082,nickel,RoW,-3549.430145
2082,tin,China,413.6713395
2045,zinc,EU27,-11290.67675
2082,tin,RoW,-436.1461585
2082,zinc,China,4294.736674
2046,zinc,EU27,-11889.96922
2082,zinc,RoW,10231.78394
2083,nickel,China,3343.077363
2047,zinc,EU27,-12465.40242
2083,nickel,RoW,-3521.380645
2083,tin,China,409.895864
2048,zinc,EU27,-13013.77854
2083,tin,RoW,-432.4152829
2083,zinc,China,4271.600068
2049,zinc,EU27,-13532.34721
2083,zinc,RoW,10039.92479
2084,nickel,China,3315.229135
2050,zinc,EU27,-14018.81572
2084,nickel,RoW,-3493.532418
2084,tin,China,405.954098
2051,zinc,EU27,-14471.34862
2084,tin,RoW,-428.5220693
2084,zinc,China,4248.322808
2052,zinc,EU27,-14888.55795
2084,zinc,RoW,9847.38766
2085,nickel,China,3287.612713
2053,zinc,EU27,-15269.48563
2085,nickel,RoW,-3465.915995
2085,tin,China,401.862004
2054,zinc,EU27,-15613.57949
2085,tin,RoW,-424.4822901
2085,zinc,China,4224.940684
2055,zinc,EU27,-15920.66436
2085,zinc,RoW,9654.755406
2086,nickel,China,3260.255539
2056,zinc,EU27,-16190.90956
2086,nickel,RoW,-3438.558821
2086,tin,China,397.6349224
2057,zinc,EU27,-16424.79409
2086,tin,RoW,-420.3111019
2086,zinc,China,4201.487143
2058,zinc,EU27,-16623.07055
2086,zinc,RoW,9462.554045
2087,nickel,China,3233.182175
2059,zinc,EU27,-16786.72876
2087,nickel,RoW,-3411.485457
2087,tin,China,393.2875544
2060,zinc,EU27,-16916.96004
2087,tin,RoW,-416.023029
2087,zinc,China,4177.993395
2061,zinc,EU27,-17015.12252
2087,zinc,RoW,9271.25608
2088,nickel,China,3206.414499
2062,zinc,EU27,-17082.70835
2088,nickel,RoW,-3384.717781
2088,tin,China,388.8339503
2063,zinc,EU27,-17121.31292
2088,tin,RoW,-411.6319506
2088,zinc,China,4154.488527
2064,zinc,EU27,-17132.60655
2088,zinc,RoW,9081.283811
2089,nickel,China,3179.971896
2065,zinc,EU27,-17118.30868
2089,nickel,RoW,-3358.275178
2089,tin,China,384.2875025
2066,zinc,EU27,-17080.16483
2089,tin,RoW,-407.1510941
2089,zinc,China,4130.999601
2067,zinc,EU27,-17019.92613
2089,zinc,RoW,8893.012627
2090,nickel,China,3153.871436
2068,zinc,EU27,-16939.33151
2090,nickel,RoW,-3332.174718
2090,tin,China,379.6609432
2069,zinc,EU27,-16840.09245
2090,tin,RoW,-402.5930328
2090,zinc,China,4107.551757
2070,zinc,EU27,-16723.8801
2090,zinc,RoW,8706.774241
2091,nickel,China,3128.128043
2071,zinc,EU27,-16592.31459
2091,nickel,RoW,-3306.431325
2091,tin,China,374.9663469
2072,zinc,EU27,-16446.95651
2091,tin,RoW,-397.9696877
2091,zinc,China,4084.168313
2073,zinc,EU27,-16289.30013
2091,zinc,RoW,8522.859845
2092,nickel,China,3102.754656
2074,zinc,EU27,-16120.76843
2092,nickel,RoW,-3281.057938
2092,tin,China,370.2151351
2075,zinc,EU27,-15942.70955
2092,tin,RoW,-393.2923322
2092,zinc,China,4060.870859
2076,zinc,EU27,-15756.3946
2092,zinc,RoW,8341.523157
2093,nickel,China,3077.762378
2077,zinc,EU27,-15563.01655
2093,nickel,RoW,-3256.06566
2093,tin,China,365.4180854
2078,zinc,EU27,-15363.6902
2093,tin,RoW,-388.5716012
2093,zinc,China,4037.679347
2079,zinc,EU27,-15159.45288
2093,zinc,RoW,8162.983356
2094,nickel,China,3053.160621
2080,zinc,EU27,-14951.26592
2094,nickel,RoW,-3231.463903
2094,tin,China,360.5853426
2081,zinc,EU27,-14740.0166
2094,tin,RoW,-383.8175017
2094,zinc,China,4014.612183
2082,zinc,EU27,-14526.52061
2094,zinc,RoW,7987.42788
2095,nickel,China,3028.957236
2083,zinc,EU27,-14311.52485
2095,nickel,RoW,-3207.260518
2095,tin,China,355.7264323
2084,zinc,EU27,-14095.71047
2095,tin,RoW,-379.0394264
2095,zinc,China,3991.686307
2085,zinc,EU27,-13879.69609
2095,zinc,RoW,7815.015092
2096,nickel,China,3005.158642
2086,zinc,EU27,-13664.04119
2096,nickel,RoW,-3183.461924
2096,tin,China,350.8502766
2087,zinc,EU27,-13449.24948
2096,tin,RoW,-374.2461692
2096,zinc,China,3968.917278
2088,zinc,EU27,-13235.77234
2096,zinc,RoW,7645.876802
2097,nickel,China,2981.769938
2089,zinc,EU27,-13024.01223
2097,nickel,RoW,-3160.07322
2097,tin,China,345.9652111
2090,zinc,EU27,-12814.326
2097,tin,RoW,-369.4459422
2097,zinc,China,3946.31935
2091,zinc,EU27,-12607.02816
2097,zinc,RoW,7480.120641
2098,nickel,China,2958.795017
2092,zinc,EU27,-12402.39402
2098,nickel,RoW,-3137.098299
2098,tin,China,341.0790036
2093,zinc,EU27,-12200.6627
2098,tin,RoW,-364.6463941
2098,zinc,China,3923.90555
2094,zinc,EU27,-12002.04006
2098,zinc,RoW,7317.832292
2099,nickel,China,2936.236669
2095,zinc,EU27,-11806.7014
2099,nickel,RoW,-3114.539951
2099,tin,China,336.1988741
2096,zinc,EU27,-11614.79408
2099,tin,RoW,-359.85463
2099,zinc,China,3901.687743
2097,zinc,EU27,-11426.43999
2099,zinc,RoW,7159.077579
2100,nickel,China,2914.096671
2098,zinc,EU27,-11241.73784
2100,nickel,RoW,-3092.399953
2100,tin,China,331.3315143
2099,zinc,EU27,-11060.76532
2100,tin,RoW,-355.0772309
2100,zinc,China,3879.676709
2100,zinc,EU27,-10883.58112
2100,zinc,RoW,7003.90441